{
    "best_log_likelihood": -2033280.891863179,
    "command": "/Users/gc3045/git/fast-laml/build/src/fastlaml --matrix /Users/gc3045/git/laml2-experiments/real_data/PEtracer/inputs/colonies_clone3_kde_scores.csv --tree clone3.stepwise_addition_04.nwk --output fastlaml_colonies_clone3.stepwise_addition_04 --mode search --seed 0 --max-iterations 5000 --ultrametric -d observation-matrix -v",
    "em_iterations": 9,
    "git_commit": "43100df4cc45fab1b172548a59cd14caf78193ae",
    "log_likelihoods": [
        -2033383.9274022637,
        -2033358.5783454308,
        -2033340.5973534225,
        -2033327.2941058301,
        -2033298.1720741375,
        -2033293.7303962107,
        -2033290.4291816917,
        -2033286.7199571226,
        -2033277.958716435,
        -2033277.958716435,
        -2033268.4111398738,
        -2033263.0692716553,
        -2033238.597627826,
        -2033231.1602389747,
        -2033229.9050420523,
        -2033227.6089656753,
        -2033227.6089656753,
        -2033227.6089656753,
        -2033227.6089656753,
        -2033227.6089656753,
        -2033225.1119077646,
        -2033214.608563805,
        -2033209.1513309355,
        -2033208.2467790763,
        -2033208.2467790763,
        -2033205.4709874613,
        -2033205.4709874613,
        -2033198.9426702205,
        -2033198.9426702205,
        -2033198.9426702205,
        -2033198.9426702205,
        -2033198.0680278041,
        -2033198.0680278041,
        -2033198.0680278041,
        -2033183.3306965474,
        -2033183.3306965474,
        -2033183.3055091882,
        -2033181.938568998,
        -2033181.938568998,
        -2033181.3360338032,
        -2033175.5266592158,
        -2033175.5266592158
    ],
    "nu": 0.28870748877558683,
    "phi": 0.0718311834779352,
    "runtime_ms": 27802.0
}
